Sample_ID,Batch,R,G,B,H,S,V,Brightness,Contrast,Class
Pure_001,B1,225.9141512392633,218.8800476812785,217.25135358741937,25.41084707458682,12.14689443403849,221.09346147941304,222.38352120950185,9.367514815312836,Pure
Pure_002,B2,224.94959652748713,219.44086821727927,217.63819392458848,25.166687903143423,18.19809209268365,228.3817236209041,223.40252802675613,8.281415074233523,Pure
Pure_003,B3,226.1062523522475,219.12335219751301,217.63535090392182,23.92511113352062,17.44541290936422,222.9572113667882,225.6676240160221,9.690941035862396,Pure
Pure_004,B4,223.7150165335107,220.94359934853532,216.59692755666003,24.54816609654612,19.238197834787965,226.29246300902363,228.42494280261138,9.18716996723077,Pure
Pure_005,B5,223.4632718127854,219.55868181525636,216.84793826772648,25.693458439081336,17.658157627035376,222.47953056911243,219.5265563529263,11.301185575649402,Pure
Pure_006,B6,227.22976251361032,223.6294628049156,213.00347087813392,24.34824198460008,18.350057427422186,225.65606579018703,224.61428633384457,10.447191097549364,Pure
Pure_007,B1,227.0367406892157,222.2027372084667,215.86735819606994,24.94693233875781,13.628532540433,224.0409863509281,220.5888820371216,8.722244303513316,Pure
Pure_008,B2,224.17457324631994,226.48482393370318,212.40250665292027,25.45241753188722,12.951390685152585,223.9953449100427,222.488259195315,11.172444662718556,Pure
Pure_009,B3,227.13367973937858,224.38004170559978,213.95382478325467,23.306472311003148,20.573927643771462,224.42608702535514,218.17294102998625,7.733425571993038,Pure
Pure_010,B4,222.24164314199516,223.4914822321613,215.4272772082117,25.03572803110165,16.7182420609904,225.47561907323015,223.876771181902,9.381306920559524,Pure
Pure_011,B5,226.37032571267224,220.01422217680005,213.91083846030477,23.427393159002506,14.412481063232882,226.46091744235676,220.59179297939184,10.024988237455375,Pure
Pure_012,B6,226.44223997671773,223.33959352808984,216.99615532691837,23.852271773235863,16.73010506386754,224.7608453672808,216.93799669812591,7.105775055153826,Pure
Pure_013,B1,221.0319011629368,219.00825951719554,216.1993226801703,22.64178141695991,16.86551233788183,228.8976848933582,220.93120808681573,11.475031136934174,Pure
Pure_014,B2,222.19914695997036,221.3836873263971,212.14993383526826,23.491450386149157,20.520924412372185,219.81803873042296,223.30327093063758,10.475471204664556,Pure
Pure_015,B3,223.21755013290962,217.66182643683464,215.2163885231416,23.205760936404296,18.698028634064112,225.06555643657032,226.80533667396276,9.521288745053951,Pure
Pure_016,B4,221.9295075221344,222.53782690486895,215.6599900519153,26.038781362860654,20.505333737743737,226.07061317744854,226.38990867365868,7.622473891354298,Pure
Pure_017,B5,223.08074540175076,219.22027217578344,213.8305705905327,21.934970778665537,19.905452840443214,224.33333190870368,217.58758111649203,7.968841837584916,Pure
Pure_018,B6,225.9405415423506,224.51437970368315,220.99019267507535,28.370793699010996,19.24322829982799,222.0313856399044,215.60386115780608,10.535422924687671,Pure
Pure_019,B1,222.56117671406903,220.75392821946093,213.16370960282057,23.788813670375422,21.19794069236293,225.47114570233603,221.52409548888394,7.928692494348377,Pure
Pure_020,B2,219.97595116588693,220.54107627278,214.83865234754504,26.651894870369823,18.390823564418657,227.94821853306917,220.50211320438254,7.630112467165951,Pure
Pure_021,B3,222.10464971330288,219.82432180639273,221.3854091973055,22.76791998116342,20.515467611209033,222.29121846573892,224.79471903862273,10.769901932211726,Pure
Pure_022,B4,224.53008630702573,221.87771242159369,213.03563691371184,24.669108302223123,16.63504955897766,221.32318270869825,218.16618727704113,10.34517583544424,Pure
Pure_023,B5,229.7372737692313,222.4799748407203,214.64408502167035,24.428739209403815,21.918005225120474,225.65814750409157,220.76721830749878,12.212577420119779,Pure
Pure_024,B6,226.28626931538483,226.60726797598798,215.54970331166572,22.16329645241925,13.895522402263005,229.95278379669375,227.1709971623499,9.640961573434799,Pure
Pure_025,B1,223.85043803659204,226.3843328767266,211.67886295386953,22.65790947156626,19.929980384067132,223.81618463142124,221.9846343998398,9.673114202950975,Pure
Pure_026,B2,226.0127236463968,226.22244558394115,215.27175472070525,24.965908189915286,11.849483696906933,224.85384479420964,219.4703091891214,7.562373879152744,Pure
Pure_027,B3,222.36554289921375,220.99762967789758,217.74770762706805,22.010410923390655,18.091894477783253,223.54749169999926,221.0169807169141,12.005515650609208,Pure
Pure_028,B4,226.6143463110118,226.01219432232824,214.5364829622503,22.956086082493947,17.3284235493585,225.72749037381365,222.52972007536113,7.831223855533267,Pure
Pure_029,B5,225.27146934488363,222.6846849904167,222.55242211260176,26.815266916922504,15.44026994832354,224.13784991535246,217.609673994489,8.818585972073027,Pure
Pure_030,B6,225.94681501077102,225.6175608626647,212.81274848676918,23.018780339898306,11.558132910784035,224.51200223836528,218.81275676442132,8.941121145267852,Pure
Pure_031,B1,222.36941766549722,221.71721233724233,209.7268148259301,21.799432131913512,24.387741336084893,221.1377322561779,218.70964326463607,13.673827056642628,Pure
Pure_032,B2,233.71520150772122,218.48530011352398,213.8952531296359,24.512333326410765,23.186092933216777,222.0394287647153,221.26416646217368,11.554675152123489,Pure
Pure_033,B3,226.30429822339985,220.8715317863097,214.59853110645187,21.937656287445026,17.285478768076004,224.20083752997314,222.69650966887878,8.889345562361967,Pure
Pure_034,B4,226.41461556763542,225.0381474534595,215.4662879830054,24.527634612598806,18.1594660427336,225.00025317927424,219.83532589937147,10.632988523346617,Pure
Pure_035,B5,224.70814020475953,228.2795049267918,219.72006470742573,24.57876982883475,15.710828370915698,221.66276558404974,225.57342885926658,10.525498450294277,Pure
Pure_036,B6,226.44043021017484,216.7662420390774,217.78231544467454,24.681630507321543,14.668707946756566,223.58542557765014,222.79115161306956,10.104933596712486,Pure
Pure_037,B1,224.12348644258932,221.6895351958021,214.24406786537935,24.228843768153702,22.41447591897947,217.3000246772061,221.28944920647095,10.353024842744894,Pure
Pure_038,B2,225.8879819690613,220.88425625603614,209.72983465256425,24.491993225571164,23.182050642492555,220.3984157852516,224.59148404109456,9.342949553754213,Pure
Pure_039,B3,224.81602696251346,218.84130446788816,213.99663148293237,25.950066892048437,19.74796572596312,230.19693481622983,225.53223566693308,10.878173357859152,Pure
Pure_040,B4,230.2318035785034,223.3169794762149,217.48396453039118,23.555143569697936,18.199637447577615,222.90772853009918,224.96875180378456,7.643392753770269,Pure
Pure_041,B5,227.34705102725297,221.4280468274845,218.51374128040194,25.12630348309689,23.461938472940403,227.19232407341593,217.28387923304027,9.866093654203599,Pure
Pure_042,B6,221.48397842221556,220.44516047290116,219.53368529983015,24.956300716346544,15.903208714263762,221.9588479006788,222.09834627862878,7.5668797012377444,Pure
Pure_043,B1,222.98657916781025,222.93602841465372,218.46593610832008,24.91314220833666,11.1261314742057,225.91310018709078,222.21610071969772,10.827780570745386,Pure
Pure_044,B2,229.8486290449536,215.81028516958577,213.22668972442668,24.88635948419003,13.255216801638174,229.42784714416052,223.10506983810197,11.693167971686808,Pure
Pure_045,B3,223.2871690154346,224.44129106989863,218.20541466796712,24.349317030205754,18.703202678096087,225.81102971784517,219.40996420578185,9.704942639519293,Pure
Pure_046,B4,224.54243240264293,223.1501815930605,217.99947274073088,22.412195877032385,17.62497290904127,229.44436664297692,219.76923531356232,8.355499965419359,Pure
Pure_047,B5,225.60691857549358,224.53315557145595,215.034278166682,25.993440885655485,20.57038194769958,227.52546020067018,223.66234950397228,14.65530620069217,Pure
Pure_048,B6,224.38451493340187,215.98943312380047,219.81276308455142,23.31345085356476,18.323641333029098,228.9286520545816,217.19322137682323,7.496705571787722,Pure
Pure_049,B1,220.19616618864345,219.61759112992374,216.31890981805097,24.786281764219158,18.828822537985662,220.7617023483229,215.06968969010208,10.108707170780765,Pure
Pure_050,B2,223.58467189908498,223.37815731514985,217.1058608786638,24.207362148088023,20.280399256127563,225.6876341223452,223.5901941168044,8.590653474260236,Pure
Pure_051,B3,224.46116575850562,222.59032828997087,217.46158542625227,23.40938824166314,19.56350176719634,224.20248362425386,221.6473734980156,11.659038084048145,Pure
Pure_052,B4,219.02081888683753,218.11058301577572,210.55344380767153,20.49957582022754,15.96520667953447,227.24830169918323,221.14534780085228,10.395580163883704,Pure
Pure_053,B5,228.26765249013238,225.98305839680307,214.79258619582157,26.030378834354096,18.276379975302326,222.48780532851762,220.2167989434038,7.038926974869968,Pure
Pure_054,B6,222.33559843879905,220.9259499357767,217.4107550581358,26.581154746748975,13.853455453868879,226.17848240477974,218.8783681825274,10.949394176926404,Pure
Pure_055,B1,224.60674004793682,216.50728252245742,217.78489097470546,23.092498930786903,16.398299284879336,221.79074276613093,220.03715016993732,10.855780881389835,Pure
Pure_056,B2,224.43226697719078,222.98598600684744,216.08576556178653,25.98099248329225,16.97164154740686,220.5694265494628,225.20166724971594,9.33702365580549,Pure
Pure_057,B3,228.34377733373213,223.1501313395474,214.60658740938996,24.523163841069444,23.853037680378897,231.23094158716125,222.20814340539835,10.320381186634151,Pure
Pure_058,B4,228.22872047239915,219.46301690169796,215.99921111785477,23.961205728069217,18.94172463437266,222.49989358215177,217.2312975200731,5.8540331280174165,Pure
Pure_059,B5,221.64784766103116,220.623974145182,214.12042524005372,26.905846743644275,21.317980109721894,222.1137266509751,223.04312535735286,9.18584352729935,Pure
Pure_060,B6,224.14690848587972,222.55597694824615,216.85751335092618,23.491112274173975,21.191554598203076,221.5741853215728,222.0190171870868,15.195347453191665,Pure
Pure_061,B1,225.66923922787583,226.29964351981852,215.27456053451962,24.871165642994693,17.829650416821924,224.48877725650738,219.66155280982375,10.860602717915107,Pure
Pure_062,B2,222.44538843244268,223.9967557089403,218.25586101333772,24.549797110855845,17.141253799332926,226.3618967379261,221.07398083336076,11.871094250930298,Pure
Pure_063,B3,219.50578174735463,220.99317789564407,209.027564014628,21.757408754659192,22.091586689441726,227.68555494591504,219.84155930014563,6.994993087918206,Pure
Pure_064,B4,216.10641348647505,220.3695134762021,222.2612450367422,24.65232640719547,16.32128314185153,226.39524062850091,217.31712494101666,9.40535327460473,Pure
Pure_065,B5,225.2984324190472,221.74169804453686,217.37241836507025,24.516967839354077,20.004978054323992,222.9348831533077,224.69344622523164,13.257873895247982,Pure
Pure_066,B6,222.08955144104576,219.33691303285633,219.0073530089607,23.71298401995741,22.21146417619967,223.67239286432346,226.36513672881213,10.262971633610904,Pure
Pure_067,B1,225.7746864699681,226.6941540650097,213.9146885676675,22.588316856112563,16.654307375914936,226.35700185192943,217.30272278345845,11.274941805302243,Pure
Pure_068,B2,223.38368604714677,225.4434379822007,207.81721908529858,22.82015133734375,12.940595546297693,222.52131160090815,222.74299770332684,9.64154674910049,Pure
Pure_069,B3,224.23986729315595,221.5224453858598,215.61016472185983,22.48719593708534,20.120548922697154,226.98799791115644,223.1551138129683,11.113066885502526,Pure
Pure_070,B4,225.889254002426,228.1052199081932,214.73871748684246,23.539375172498136,15.739417258927865,221.9032119882665,218.2665846371968,8.222405373538162,Pure
Pure_071,B5,224.7879588550438,223.00288538549313,215.15342617565648,22.85169708385543,20.70055369205989,227.21823801690283,221.52105507773396,8.694167710670577,Pure
Pure_072,B6,226.64528376248938,222.5639207624583,210.65561822175485,23.898029616023393,18.786107436223144,222.30091564053674,222.56953017851234,7.090355029484422,Pure
Pure_073,B1,229.00855830003653,225.7438499551783,214.24244799709112,24.54518150675861,10.770234102600375,221.530957019204,221.11866323954362,7.855733957146281,Pure
Pure_074,B2,227.14318944789198,227.99188959224398,211.47015584171209,22.74380489387221,18.70634510492979,229.83334844549887,218.33287706238028,10.498072244613883,Pure
Pure_075,B3,230.46389655243934,217.0447225554622,211.1567923794625,23.36459009030874,16.438234761433765,227.43780386326094,222.72497915946252,6.450075880715744,Pure
Pure_076,B4,226.54623120870244,220.26738333793304,218.82334165082372,23.05861869534462,16.090154150693294,226.6233948324136,224.2887794470108,10.896198727872408,Pure
Pure_077,B5,219.9432080478456,223.61410331978476,211.8970758449768,24.352914167382394,13.72879669380282,226.3389664426292,219.5802032870779,7.434730699478957,Pure
Pure_078,B6,227.1414604094472,222.72493356503026,213.1580695958213,26.176768273531597,16.678042735290774,225.0963230219128,222.8067403430358,8.760668131742772,Pure
Pure_079,B1,226.4134088801998,220.39964295850584,213.76508503335137,26.04396395970501,14.8782418424627,217.76165900721153,226.83281098503568,15.098655905214006,Pure
Pure_080,B2,223.784192203652,216.18948587813944,214.06854807141218,23.570665575238998,17.43022847693323,221.65983587423446,223.73868342742944,11.049014750572173,Pure
Pure_081,B3,220.5167831405421,224.09759019508465,221.15805494583768,24.25794049865559,16.988024513794482,224.57399035677744,223.84577030090568,6.538656788985564,Pure
Pure_082,B4,225.4931721089319,220.82860815161158,220.54347503886814,23.738740899292562,23.00366283335856,221.68877790665397,223.76177750040839,10.638800527582458,Pure
Pure_083,B5,222.39285825640565,222.53218834391083,218.6375565104948,23.5143124435701,12.92411205249071,224.94731152056767,219.29273071562247,9.315318122672235,Pure
Pure_084,B6,224.75523669094463,216.88304335195346,210.15302498203798,24.723100253288287,16.431843911490958,217.3057669745383,224.35453210982442,10.54473951054848,Pure
Pure_085,B1,222.85837552789056,218.04950936682528,217.50742368894302,24.524025933840644,25.14780684805222,226.2605657961748,223.16310942378604,9.666144139782869,Pure
Pure_086,B2,227.45032760160237,223.87525560374445,218.7551750256956,23.218015622044074,16.693777581168113,223.56269048726406,224.37240516353697,12.996748880593465,Pure
Pure_087,B3,223.6234785205521,220.72567881662073,215.9422316716094,23.631357749980648,20.856160959419668,218.24466812814285,219.51988485924932,8.435167332077109,Pure
Pure_088,B4,218.03893196284156,219.10908466689358,212.25453165246222,23.698343018221756,21.338897674980792,224.2648180464279,218.90755883918655,9.886090917572941,Pure
Pure_089,B5,228.14752086432404,219.0721235516553,212.26827534823565,24.837823438911336,17.335391652807598,226.9424540721284,221.9590596246141,11.403327296179134,Pure
Pure_090,B6,221.89476565787808,221.9637460476352,214.36792995691053,22.176163613843805,13.309566156393934,227.057247105824,220.94714285334607,7.9554394367053405,Pure
Pure_091,B1,224.71146318923002,225.3840565720479,208.15778646388424,21.75504196514501,15.231340674314197,229.383536600161,222.8477609487579,11.534634480922454,Pure
Pure_092,B2,221.5795172426213,218.64139237418843,216.34344115016813,24.08741149640317,19.64621645659238,224.43698702721466,222.8344311793639,10.316238169810218,Pure
Pure_093,B3,227.33330216725477,224.42102484583341,210.1403840168247,20.629097166988718,21.00523619295452,228.5631752797858,218.93813094145997,6.280329186908743,Pure
Pure_094,B4,225.2971044630216,224.79251467905158,220.39278356730296,24.774446358152176,16.884849910242917,222.3206081352454,222.03435387501196,9.401470592229487,Pure
Pure_095,B5,221.95479628281356,228.14626695258985,220.3555052062164,25.70407302533314,15.237448806572617,227.56505797289185,223.9188792284937,10.885091248408106,Pure
Pure_096,B6,228.74899580113134,223.90611342858384,217.220042708913,24.955359425058315,19.022374224006317,219.64916661085743,222.25086323223167,8.887616082301749,Pure
Pure_097,B1,221.16047712707993,227.04544985790247,220.18698602265712,26.03883090044342,18.765640250567625,229.05187536285797,222.0361595418055,10.40559455379556,Pure
Pure_098,B2,221.71958588861406,223.19097391349652,215.18115778527326,22.046021824748305,17.84640866455021,224.76081130842957,227.39268349993392,11.788426657026818,Pure
Pure_099,B3,225.0343363172744,222.74636192940324,215.1326371343126,23.695629022806678,14.75271840783514,224.5468443671792,219.76170523004245,7.499368922153707,Pure
Pure_100,B4,226.5336654436426,223.1737939797997,209.63987746589578,23.81597304375731,20.987104157699772,228.17767121668896,225.07751052865572,10.077826413802919,Pure
Pure_101,B5,222.46486401609255,218.7489035179258,216.03381471425106,24.568920051547746,21.861993334815196,228.29993895102626,221.6033140304065,7.511588242278261,Pure
Pure_102,B6,224.0426802089673,222.65169358443157,214.39375026383178,23.133158837883517,18.7586544449097,223.48812677576817,220.11580174882388,10.62290566860688,Pure
Pure_103,B1,223.79402225961238,222.73231316693506,215.81961206855638,22.290856498362636,16.556276628403765,229.31333081974938,218.51376146179715,5.766691102058938,Pure
Pure_104,B2,219.41446454027246,222.08732983973002,215.0927518340981,23.82358371686232,21.642569486785504,216.9814967006912,223.18780162329247,13.122876403607147,Pure
Pure_105,B3,221.61665770532485,220.86058046463032,212.74132424831413,22.658480930883705,17.02121398493088,229.28245585105353,227.51216002646257,9.328121549919704,Pure
Pure_106,B4,230.71518064219342,222.10672943095386,220.26107308010324,23.860052025519764,18.393173478138433,226.0964234179285,231.5365610381026,11.702571149689579,Pure
Pure_107,B5,222.87820641014562,224.90699361082758,213.91450238874697,23.265374725648186,20.725804079676333,225.09325676331346,222.83572774353541,10.027970443730585,Pure
Pure_108,B6,226.0097493798163,223.27489769230846,209.18909920188375,24.9998590029143,15.053941740509098,220.67310259332177,221.82476626842396,10.167962006628908,Pure
Pure_109,B1,222.91948150628315,224.49309557300393,210.97347450088728,23.38958437684116,16.245377595201,224.86023818898198,222.8365928539417,7.984214100752911,Pure
Pure_110,B2,227.17284803236868,222.1890071050041,209.32416124006426,21.062112839404453,17.963042121212066,224.33709804664093,221.68973965927609,9.944035086939564,Pure
Pure_111,B3,225.67667951853053,224.8429488295449,211.6666852972473,22.24204261064881,14.720028426337851,225.86675000150612,225.73484213593935,9.137321123520978,Pure
Pure_112,B4,217.49490046752103,216.88802141216888,212.50088983161197,23.163406668757176,16.77483411823582,225.11574336894276,221.06476100753267,12.098679221086815,Pure
Pure_113,B5,222.9719480829559,219.41304612157336,216.43662661556138,21.69653689511082,19.169075115960005,225.3076595511788,221.5576725302455,13.176552214298525,Pure
Pure_114,B6,223.13337766411584,228.18089451157223,214.3237056523157,22.084475332544656,18.209758742984476,221.7712643990437,219.7447324565595,10.794066600030982,Pure
Pure_115,B1,226.66674626595037,220.13349689923723,217.9622154351392,25.736261637031703,22.308905269689873,226.58824022137716,226.0902861362571,6.238403144051885,Pure
Pure_116,B2,224.0462803541146,219.39898423102971,215.35767758338218,23.142826171204895,17.501526474150804,230.64652464061214,221.49084061073887,10.827584634380427,Pure
Pure_117,B3,224.3031920102273,222.2271398638705,215.01805004130821,24.672486098959737,21.495922606641532,229.94218199281,222.9288602457275,11.179093772071205,Pure
Pure_118,B4,221.5474064724433,221.73636977275314,217.82086839465077,25.29895295762573,18.63482919838515,227.65918187870386,223.47230012698145,12.400612516518644,Pure
Pure_119,B5,225.86807747087133,220.9329050532869,216.00752377079908,19.604108436220837,19.148657209155147,214.05476152435565,216.82960977778376,10.903537201881969,Pure
Pure_120,B6,226.4325880118004,218.5127136595802,212.86369387436318,26.055811482921197,16.547909605281973,231.72876093720896,221.99424044047097,10.816072353762534,Pure
Water_Suspected_001,B1,222.8506231954958,218.39308134858027,209.99296805792758,24.835408822458565,12.893167791429727,213.9057750433953,216.23250378597754,6.515615812005127,Water Suspected
Water_Suspected_002,B2,220.7730732715623,218.10383562255578,212.1516127525573,24.840727104066136,13.669366055218498,219.85044259906934,214.00086331399186,5.916824734757457,Water Suspected
Water_Suspected_003,B3,221.3140376462076,216.76298938338581,208.7494737222094,25.665719064074658,14.39010941809806,213.4078542282299,217.68844514639082,9.471166184856747,Water Suspected
Water_Suspected_004,B4,219.1231593551188,219.89594445128418,208.78719270572776,25.496560232494293,12.09214072158866,216.55162952382608,219.6116668282592,10.95854902134846,Water Suspected
Water_Suspected_005,B5,223.38311016380106,221.94442361451772,212.67079745510944,25.529080244539514,15.300468615352731,218.3635338478984,217.39229256373463,9.647506263752364,Water Suspected
Water_Suspected_006,B6,217.8221520619222,215.812139190879,211.75658080249244,25.950865566600612,13.008979873599868,219.02062993060503,219.01023772660656,7.250317074204781,Water Suspected
Water_Suspected_007,B1,220.26874449088942,219.13652781037518,209.29556073926557,27.163457186779368,11.497765768729252,213.03471397044444,213.8648688712411,5.957909678643356,Water Suspected
Water_Suspected_008,B2,218.1565199559726,217.17844848336128,211.98950409707822,25.92955294822372,14.01962608357811,218.94814361193286,218.22948537198607,9.232269336004476,Water Suspected
Water_Suspected_009,B3,211.67613997466768,216.90668524320662,206.45936980653158,25.054089890196693,12.986101083326965,221.13659682436904,220.56290317816337,8.405550096504735,Water Suspected
Water_Suspected_010,B4,216.4989167678093,219.45548333763722,211.41624708802706,24.997911022834977,15.958408950882303,216.32668596203172,219.4170359177275,9.354802737384604,Water Suspected
Water_Suspected_011,B5,215.13562454860752,220.9216823846522,215.09569903611452,25.152888831058988,10.713029625917043,215.4223819442733,215.38701226929092,9.08518892658392,Water Suspected
Water_Suspected_012,B6,215.13312449779582,219.3125367458596,209.27473341336483,24.693897123341728,13.328943263722026,225.33539043517675,212.8680530334389,10.944029132980267,Water Suspected
Water_Suspected_013,B1,218.44952724196185,219.2335157540479,213.3550437401646,25.66709022729285,12.538944686913947,222.36215054437238,215.63058656732582,10.264469144358495,Water Suspected
Water_Suspected_014,B2,216.06689863936094,217.81924446079614,209.78411234312935,25.68253558052128,17.335377870779602,217.76793146053743,216.40934290388827,5.770766073864147,Water Suspected
Water_Suspected_015,B3,217.31212203934308,213.2216172208354,210.26136603984352,25.340179069163703,16.957039593224188,226.4276325836885,215.2402447447873,10.870600313290879,Water Suspected
Water_Suspected_016,B4,218.73125744120495,217.54625705976088,214.29778335517847,25.092874725519938,13.331187176836655,216.77500051152,212.80567102060346,4.912749594955837,Water Suspected
Water_Suspected_017,B5,219.95973464984368,217.16989972974287,211.2117333010315,25.01275844008473,15.384796758746884,218.5410918290792,215.0318351900771,10.452585911297898,Water Suspected
Water_Suspected_018,B6,222.7375565089449,219.48366996596857,215.92099053403228,26.862939995220717,16.39029794921354,219.84229753133786,218.79504114122466,9.039321146693005,Water Suspected
Water_Suspected_019,B1,214.70798697635888,220.10216947057876,208.93255808662033,23.80810081731242,16.91069520342426,220.5206604880826,221.46219486905758,7.456651232625416,Water Suspected
Water_Suspected_020,B2,214.5432534761697,217.27868840878898,213.30609389172173,25.118483074510014,16.401041436270106,216.91618872498967,218.05610341540878,6.022745701130788,Water Suspected
Water_Suspected_021,B3,219.35095183413145,218.00932565055692,210.75055998514645,24.646255956737722,12.447472760454335,217.1895346119887,222.31402372680304,7.803107995384241,Water Suspected
Water_Suspected_022,B4,217.26831166946798,211.70764712716957,210.31737794406158,24.60538986331547,10.942441971470071,222.1451227801334,216.50518667381135,10.576888498636505,Water Suspected
Water_Suspected_023,B5,218.1851139021511,218.11168350926474,212.7336106568625,25.00569437743219,18.156385009149577,211.04116781974633,210.99536276668397,6.913658337887773,Water Suspected
Water_Suspected_024,B6,218.0435836458127,220.07031327429203,214.41926159408243,24.423631130679144,16.057131079725288,221.0905862094582,217.5521734938147,9.925315144973682,Water Suspected
Water_Suspected_025,B1,218.8179357902964,216.31555091965134,215.093450517,25.165919683868015,13.00401954026346,222.41886071656873,209.64738361437975,5.164631659680861,Water Suspected
Water_Suspected_026,B2,214.4387887208769,216.91021805729358,212.2361754907019,22.739011528340427,10.044525903067521,215.4174749644293,224.37227227622768,11.603483895494293,Water Suspected
Water_Suspected_027,B3,216.76475174694605,216.9092501290796,209.55238800843512,22.137804380162102,12.649359440774427,215.00644405026793,216.74544840501397,4.799588301913046,Water Suspected
Water_Suspected_028,B4,215.71407662506923,218.44588128590848,214.09862879335182,25.626207938113023,9.038533047528889,220.5640571904067,214.59936491019445,9.265715829214614,Water Suspected
Water_Suspected_029,B5,217.96808397014541,213.87083750276616,212.05140688625644,25.548045613095653,14.838896141423797,217.57703630766673,221.59533667180315,10.015021541973118,Water Suspected
Water_Suspected_030,B6,217.23003765080074,220.25036543641085,218.80138045556455,27.94072690117454,9.316000357532507,215.22040066652855,221.45475636020154,5.8834378983247255,Water Suspected
Water_Suspected_031,B1,214.03237660012496,216.54141760790287,214.26068012842376,24.846404940083357,11.048309138783225,215.97736261482646,214.86298880676188,6.240980742682115,Water Suspected
Water_Suspected_032,B2,224.8448986318282,218.89253321355667,215.6602771632142,24.266383797821614,12.442129968441854,215.85933805588894,209.0448749952424,5.243981446304268,Water Suspected
Water_Suspected_033,B3,212.56814396005882,211.25064866614517,209.4139230771057,26.987433519072447,12.866691496886936,221.8716912869635,218.23294773070262,9.565117651430318,Water Suspected
Water_Suspected_034,B4,215.29730901408627,219.571852862578,215.18614270222304,24.135029061649462,14.6786211118485,219.6985632757245,215.35134213660976,5.7544631354580105,Water Suspected
Water_Suspected_035,B5,214.4476150043052,218.25951662576438,213.98102960636794,23.81121125431313,13.079756023978296,219.71161110841547,218.8545721439959,11.103760240244977,Water Suspected
Water_Suspected_036,B6,221.83094249659413,214.99612570173036,218.05075862861406,24.203535243166428,16.134618437363283,218.20395987815326,215.7635518646291,4.384606280450134,Water Suspected
Water_Suspected_037,B1,217.48530646935095,213.32185029408316,215.90189770752832,27.275188985708873,10.60926703210993,218.90591222755782,214.82382543397608,6.743030539726421,Water Suspected
Water_Suspected_038,B2,220.32348411159612,217.88438521446977,218.21894412579303,24.276651281945618,15.998008997423467,218.29224023887335,219.3873340292327,7.1056846853401066,Water Suspected
Water_Suspected_039,B3,217.85132348734524,217.6535033621032,210.49182865546263,25.993122301872628,14.950747016735093,219.7806640847167,221.61089696175293,10.898689602472608,Water Suspected
Water_Suspected_040,B4,216.8751659304526,219.11915695530254,211.12919793222537,25.035032974171834,11.200751652643406,222.86021092740816,218.09109445102888,7.563941743791156,Water Suspected
Water_Suspected_041,B5,221.58085571556913,211.48815377061376,206.95769221540414,26.19375798282966,13.181405344352104,218.7513389007823,213.02081169004435,7.953532578299267,Water Suspected
Water_Suspected_042,B6,224.01052823120403,220.4725988593876,213.50911963542845,24.341419134842592,11.81628144439182,211.61240633239996,217.77292126276348,9.690966216963709,Water Suspected
Water_Suspected_043,B1,213.27314201848816,216.01574932307955,209.52760610329975,23.551973207786855,13.1604448804657,211.74679353503458,218.8428113150712,9.507710139867365,Water Suspected
Water_Suspected_044,B2,217.24669223588927,210.5578744700464,210.01074412199284,26.849352901154045,4.666017157814283,216.95742976341944,213.45999766459823,9.609140603169672,Water Suspected
Water_Suspected_045,B3,215.97465814356963,219.21186206220685,214.69638125750728,27.75433875959503,12.391174168973889,219.12813310886784,212.5448335626177,10.380827126587487,Water Suspected
Water_Suspected_046,B4,215.7184734557859,216.31773750773675,212.93325661545236,22.655673481990227,13.686310086786815,220.90239881877503,217.87880147049188,4.822204871642549,Water Suspected
Water_Suspected_047,B5,217.62857211701103,220.22608670893848,207.36603370210227,23.38785097927343,15.62963081224456,218.81028630259186,218.23591474638027,11.718989615246624,Water Suspected
Water_Suspected_048,B6,219.4056583355186,219.97366403129953,221.13223658165498,24.679293162864266,10.606351709144516,219.2833891947414,218.3169730881667,6.946569216107584,Water Suspected
Water_Suspected_049,B1,214.90280894133545,224.92953326627023,213.98053041116407,23.901571927896885,15.747790906838796,217.672564545316,216.2413556610465,9.124545743828987,Water Suspected
Water_Suspected_050,B2,214.12435319530493,219.05788161175153,218.73886442319525,25.699266493295966,11.871363688649607,216.47868415871528,215.76898007996468,7.492074643904438,Water Suspected
Water_Suspected_051,B3,216.86658040172517,220.7489343232237,207.80037269037305,26.293000075618203,11.860940424572316,219.13084335708612,213.6190362693974,10.657262133698872,Water Suspected
Water_Suspected_052,B4,221.73690488051562,220.87877157725023,208.45573567261937,26.24368160659908,14.214565262907126,213.1841862586023,216.92710784868754,8.729068978066525,Water Suspected
Water_Suspected_053,B5,219.66822582146946,218.53178410084658,213.87369425054214,27.210417088379643,16.678101729732038,209.39883513865178,216.04768433548696,7.6706979449120976,Water Suspected
Water_Suspected_054,B6,212.74370428181908,218.28254917469692,216.74627331723153,23.370148210614115,14.009202816069617,215.25252956811067,214.98426392896096,10.95478726834007,Water Suspected
Water_Suspected_055,B1,216.37232653966453,219.38663746703187,207.38634565181704,27.79347634209232,14.807957338919497,217.45250047204922,218.7266395299997,5.180361142104379,Water Suspected
Water_Suspected_056,B2,221.54759222525797,217.02804567351072,212.3877914548547,24.262516577551775,11.258045791763246,220.08401183488522,217.76772055031267,9.30349628280608,Water Suspected
Water_Suspected_057,B3,217.9736159315433,219.53959943323153,211.7434537682249,28.344597762114322,8.296208750708505,221.78281197068895,221.10372235216292,6.295682388068812,Water Suspected
Water_Suspected_058,B4,224.68782083166792,220.98647084883595,215.91341702046873,25.042033280538814,12.348321525343971,217.37177351888118,218.17159178895855,10.802372550067792,Water Suspected
Water_Suspected_059,B5,218.54394265358425,215.26566913058812,215.47328118715495,26.381726119592187,14.963978585343359,220.23649671957494,216.1872156095266,6.142021665738841,Water Suspected
Water_Suspected_060,B6,215.39541970807767,213.0936102546264,213.71084583463784,24.87482682516011,11.680036886410873,209.1331435269648,213.2580475909175,10.241681302806334,Water Suspected
Water_Suspected_061,B1,216.0061219998106,219.0817750329705,208.82794371007424,27.158058223538845,12.56791701983597,218.8701211894506,223.97733937564504,11.032880201178807,Water Suspected
Water_Suspected_062,B2,217.08030313613884,216.22033944538893,212.0233649654414,25.764847372714804,12.684327597247387,216.8142675649896,221.40154375212714,7.771580216444327,Water Suspected
Water_Suspected_063,B3,224.89876727911195,218.27222769125652,218.3559551826742,25.53597913406594,15.888881719748344,215.82616684544683,214.43872233223777,8.919411910029975,Water Suspected
Water_Suspected_064,B4,220.96565972739594,218.12076950600138,209.1408199947489,22.95961245056601,8.718590793441276,212.69713366118185,217.32845607834128,10.25008784341605,Water Suspected
Water_Suspected_065,B5,217.95975263922557,211.21875572798643,212.42771861899635,24.75580150505109,19.28799625067632,213.62858626124134,215.8279671922024,11.411705361089128,Water Suspected
Water_Suspected_066,B6,219.34993502403964,219.68993922054926,213.34375331107162,25.494915307985895,15.332828590835607,215.5715410433217,219.6341757367246,5.253993966228922,Water Suspected
Water_Suspected_067,B1,218.98510391849462,218.53622288985898,211.1511207354237,24.96597208701153,11.13237954200334,214.78489601941476,215.93915577515907,5.7920227292566775,Water Suspected
Water_Suspected_068,B2,218.96839239227975,214.5497435175429,215.13593106897315,23.22778139810677,11.301115253256981,216.12618977535448,220.97544018662452,8.660579891233184,Water Suspected
Water_Suspected_069,B3,217.3647985923668,219.49615832320916,206.67842295801094,24.93529961553864,18.992542533414287,218.39703951920802,217.203739507508,9.096256759284392,Water Suspected
Water_Suspected_070,B4,220.68681572994305,212.0075999213304,207.95302055462693,25.31543693662922,10.855370314307471,221.93607578665973,216.05447683034433,4.130938528573765,Water Suspected
Water_Suspected_071,B5,214.19595824946802,209.75097194110828,212.29762338815127,24.717423809103426,11.726611870654306,221.2366371170892,220.59555950955007,7.659223153287778,Water Suspected
Water_Suspected_072,B6,211.59591899756944,219.85184474147678,214.6660806855257,25.464087355235417,15.944439247924347,214.5055157106169,223.02626615855542,6.081144493716264,Water Suspected
Water_Suspected_073,B1,220.24766878160256,212.93795691675996,210.20920593818985,27.274552970088003,12.21730053099745,220.51976781539838,217.71086616615773,7.790083687999655,Water Suspected
Water_Suspected_074,B2,222.09155097479808,217.2900235260443,207.6577856773096,23.795139862072443,14.653575186105083,219.18652731908753,212.29882524929369,6.551314961183598,Water Suspected
Water_Suspected_075,B3,216.25483595239325,216.90359121765732,208.87225923419535,24.057443337820782,10.814168544221417,220.31459977928577,219.42736393297074,7.7083790838223685,Water Suspected
Water_Suspected_076,B4,216.8238806123878,218.41977293611734,210.55027467763327,23.27975187674884,10.17933637322285,216.09556050808564,213.5095786006232,8.324119118125749,Water Suspected
Water_Suspected_077,B5,220.18914702135112,213.23870509760528,213.0753861336481,24.670096307100497,14.024526056610409,217.96118369568924,212.63920216020512,5.475221402285669,Water Suspected
Water_Suspected_078,B6,218.08827072675493,221.08634275923652,206.357437886871,25.51858986970237,16.56886601586293,217.54092237138136,218.65060748807932,6.593861838204395,Water Suspected
Water_Suspected_079,B1,217.64190140216937,213.13725944507556,205.9669700747434,26.414148701837913,10.045015216826673,216.63341646498972,212.84067324018943,5.180060593832248,Water Suspected
Water_Suspected_080,B2,217.47848689971616,215.81126841759306,214.1339129939841,25.67880762846939,13.962548938973821,218.71580237278533,221.73330461479566,5.864812461910228,Water Suspected
Water_Suspected_081,B3,217.83519540139125,221.39806946155878,216.7936194280141,22.867354525983142,12.06293367503239,222.07436328760178,218.5242373155972,8.390526062959545,Water Suspected
Water_Suspected_082,B4,217.34694591969603,216.84859722287678,213.86465718927099,24.621438812523277,12.872264136866667,218.23579611834512,214.9657854145195,9.064258747762876,Water Suspected
Water_Suspected_083,B5,226.74273394524627,212.66904008202178,213.97203757256995,23.85971486707164,14.73220773255775,218.13967241998358,219.28556432212739,10.35101315301756,Water Suspected
Water_Suspected_084,B6,218.57726335330455,221.39615686524255,205.96710631863397,27.385678446874035,14.12518645567702,221.23353006723553,213.34037276547542,6.338460236789329,Water Suspected
Water_Suspected_085,B1,218.4378148824343,217.9488863319876,213.84920576402996,26.626772741394948,7.704339054091452,220.92145721515192,217.0248457298738,7.592436277750904,Water Suspected
Water_Suspected_086,B2,213.58665429684532,219.5091460051306,205.75767644690688,25.97259101685807,8.523682493581024,218.1603737378524,216.64249348801624,10.339076294587768,Water Suspected
Water_Suspected_087,B3,217.46403449295832,215.917584316563,211.48019191208638,26.909324153131994,14.608890907542682,216.84311005543051,216.29066074010646,4.8656458188291065,Water Suspected
Water_Suspected_088,B4,219.16542260255463,212.72055287691362,215.25538939750638,25.1929323887369,20.16085539872177,214.69959333882707,216.6920137268781,11.596575401846126,Water Suspected
Water_Suspected_089,B5,221.57416892087423,215.9113638452603,213.67190228512035,25.00299903462263,13.845867602182471,215.9039586920455,216.7320387918978,4.8038952494465725,Water Suspected
Water_Suspected_090,B6,218.40537035560425,219.35006202026548,212.31774176206835,22.57742366412282,15.965595588554388,219.0935751139784,214.82195470689706,7.438799106323872,Water Suspected
Water_Suspected_091,B1,213.49799179165447,214.92376961666628,211.38656596092858,26.842631218420227,11.081489827337574,219.92064097798627,215.38505139141526,8.49589512170375,Water Suspected
Water_Suspected_092,B2,217.5758134935686,220.61916980027823,211.39556598534432,22.64120762499634,8.854152905909102,216.40436751817174,213.25282008796583,8.820424031359103,Water Suspected
Water_Suspected_093,B3,216.60269550542577,225.1238196500793,207.7868562145886,25.3054497680647,9.616140929482993,216.51979597885196,217.42425842002163,3.3492572502514264,Water Suspected
Water_Suspected_094,B4,218.71047835036407,223.7087223868225,211.63968510489423,25.389711785208263,16.0747650793762,217.508139499919,215.25711943440555,3.4485271925564955,Water Suspected
Water_Suspected_095,B5,219.92297215818493,217.6604947708133,209.9619484458355,25.18989506541654,11.248958929581455,216.41472160665342,218.81887346832613,5.323235177352311,Water Suspected
Water_Suspected_096,B6,221.14194585822128,213.80694151064478,211.0118957749342,27.884419291099867,16.382064284927267,218.2928119774863,214.17840935349636,6.9414553866002136,Water Suspected
Water_Suspected_097,B1,218.2198259437571,218.11256969701878,212.7273872111221,24.953751228873724,12.356874670884658,213.67406379307997,215.4504677735175,9.829248107973694,Water Suspected
Water_Suspected_098,B2,213.89499710734665,217.43133346538215,210.54073821368746,25.167025644097166,11.834100456799545,222.432180994924,218.51974946257076,5.376393668445577,Water Suspected
Water_Suspected_099,B3,220.0136840348411,215.67604443121382,211.2690108858674,25.470728530160684,11.524757740809596,220.67856744896886,214.67646981545982,6.762106894817274,Water Suspected
Water_Suspected_100,B4,216.03088731935568,216.30308375493487,216.29757466664344,25.943194440415454,18.129831862036212,224.80293261169777,213.90784890420298,8.140838254654577,Water Suspected
Water_Suspected_101,B5,214.4713990500697,215.6671822167552,211.109752469233,23.414267688792588,9.84433818130476,217.56714686443922,213.34984474484077,9.684253918275266,Water Suspected
Water_Suspected_102,B6,215.24673938774745,226.42870691028918,211.64584664710682,25.10802646287558,9.113976446601894,223.1182752743829,220.35850204240876,8.593831741472226,Water Suspected
Water_Suspected_103,B1,213.9595923536613,218.63200063317387,209.63570686194822,27.19353289521004,15.427584195559518,218.28631711546322,209.69087301025803,6.033168042681939,Water Suspected
Water_Suspected_104,B2,220.0632833947996,221.63865107516946,216.32750943447638,22.611980496637816,13.904656920438713,221.0465456494488,212.02499330325327,7.984190969253527,Water Suspected
Water_Suspected_105,B3,218.82152719492538,217.0977062454598,207.4435144337964,24.511452834889408,12.018083709234928,217.55578278635673,215.30958572372478,7.113975693517065,Water Suspected
Water_Suspected_106,B4,217.88088115295906,219.32736381490912,212.08671971143,24.385526607447996,13.277062114763375,212.23725222231445,218.43110538167937,7.998873805754083,Water Suspected
Water_Suspected_107,B5,218.1190805797927,220.8822029227834,207.14155340985525,22.039249195211553,13.821411535970558,217.97864943461445,217.5105308295758,7.075745849655108,Water Suspected
Water_Suspected_108,B6,219.9930610227198,220.79791652897336,214.45194688185458,24.608757312393124,6.676931837156792,220.30770862411137,220.6651859986528,9.28911682396796,Water Suspected
Water_Suspected_109,B1,215.36107271789749,220.02138318100327,215.58158912388433,27.33822437169863,10.371670227316127,217.3206362463676,219.24181615343036,8.114820142876315,Water Suspected
Water_Suspected_110,B2,214.6480171938462,219.2438488550801,214.7359849014455,25.131944344496503,13.658754781539832,217.2238822949428,221.43483680714817,6.198615632574647,Water Suspected
Water_Suspected_111,B3,216.23803771170867,218.03295654058257,215.63686208310267,22.753940244858196,9.069109750703682,211.88681447679585,217.09808567575982,5.763388365586913,Water Suspected
Water_Suspected_112,B4,216.84634966994625,219.98413456967512,211.07537183765146,25.346923034115047,12.101986276744833,220.01634294528932,218.42538420204403,6.61613260765078,Water Suspected
Water_Suspected_113,B5,217.49404473979865,221.13123019316149,214.1801306107623,22.904556913373302,14.966854183514148,214.74616813269128,221.237539209883,10.04819767968205,Water Suspected
Water_Suspected_114,B6,218.8696564277552,218.47169853030857,212.37290323191775,26.017785927100043,11.887665491613815,218.70670961191968,219.61580309955835,6.876386912948821,Water Suspected
Water_Suspected_115,B1,216.1514217800279,214.41690355782663,209.8065817616215,22.257407032837747,15.18948636704659,223.4267436262483,221.27598683041091,4.747831022746967,Water Suspected
Water_Suspected_116,B2,220.1745640146686,222.26631904977066,211.629570057784,25.152171145975075,6.976320847585988,218.80020850392992,213.80932081169584,8.39927003582303,Water Suspected
Water_Suspected_117,B3,213.31639123343336,219.62857467343278,216.07353802628006,23.82523020742725,9.589232255768696,211.53193087235005,216.20075939777448,6.83681213143679,Water Suspected
Water_Suspected_118,B4,213.34694176295582,219.3590562689365,211.65008885440605,23.38639606203215,11.336282783078659,221.21391361678886,218.80881083126567,7.73994787700302,Water Suspected
Water_Suspected_119,B5,219.85731505539457,214.51726413083978,213.09711030218108,25.220983495729705,11.59049047450382,219.30637500787225,214.65869963606664,9.019641415552236,Water Suspected
Water_Suspected_120,B6,219.65557631459387,209.2485203579088,216.57091711053036,20.42855115197087,11.151852923331624,221.07604410277327,216.04813982424267,5.067628035060916,Water Suspected
Starch_Suspected_001,B1,218.71878881485,220.08071723896185,198.2354864083541,30.693486651443024,24.834693702873132,218.4228140086727,216.25065478309193,10.965551317796717,Starch Suspected
Starch_Suspected_002,B2,224.59867560257558,219.19728342928852,198.84251659837187,28.394611822220998,22.410443012967168,225.8805299053781,213.94970264562073,16.20845820937003,Starch Suspected
Starch_Suspected_003,B3,221.9001157814492,213.51419678085975,201.96817744797215,27.797571738847324,21.176144793953483,222.28448057919113,214.31625334792446,8.639267582523622,Starch Suspected
Starch_Suspected_004,B4,220.86097058745548,211.59143141074634,201.74351739579743,27.636345667094965,22.386351783922557,228.00288930477046,218.1692347015087,13.490742017990664,Starch Suspected
Starch_Suspected_005,B5,216.6708051109731,215.03811059908924,204.64590788982454,27.46320663063049,27.724188530553956,218.39191024229692,217.14090159240448,11.827896720048884,Starch Suspected
Starch_Suspected_006,B6,222.49296197814576,215.07852978443373,203.1873191187872,28.645804862333023,22.796836727826097,223.45528160549134,218.71516512451228,12.822772109493666,Starch Suspected
Starch_Suspected_007,B1,220.70862499961413,219.38963209156,203.29249726855747,28.539954068261093,25.314070089664376,227.08976004891255,213.97893137593638,14.53971378611071,Starch Suspected
Starch_Suspected_008,B2,216.32048651628568,217.65181947468588,208.7252484828262,29.73300278670096,25.511875235619378,220.31865159359077,218.09314160146567,12.495874369193288,Starch Suspected
Starch_Suspected_009,B3,219.64207017620595,216.1303731535754,204.59514348187932,27.849174397204038,22.58115453794595,217.91926968722348,219.1721750782667,14.09064652393412,Starch Suspected
Starch_Suspected_010,B4,222.69498133270955,219.895511478186,204.26360291124217,29.588016406048634,25.91151227691269,221.7253799417454,216.40753451561105,17.42830523158382,Starch Suspected
Starch_Suspected_011,B5,220.64414706043948,215.00236686663868,205.30202947035033,29.377781622942507,20.785625357169017,225.3680347636912,217.7174162739475,10.778137809568559,Starch Suspected
Starch_Suspected_012,B6,225.56635234306162,218.87702671478846,200.20637402415625,31.665774260386588,26.97639210509858,221.96941165312487,222.77065641686534,13.318595567659282,Starch Suspected
Starch_Suspected_013,B1,221.9157507746879,215.01909965193403,205.74555131792124,29.71490445098597,25.044040419669134,219.6300409383972,218.3897895624982,12.860402428475725,Starch Suspected
Starch_Suspected_014,B2,217.9995770437974,212.58456294602743,205.69546013642932,25.097167527422467,25.61623158088378,220.56575082673854,221.92473982063973,12.013063581692249,Starch Suspected
Starch_Suspected_015,B3,223.97845264275568,215.80925847628663,204.34124446045843,30.105254796380077,23.61233285102626,224.98966465349523,215.01890636868055,13.589185685116759,Starch Suspected
Starch_Suspected_016,B4,224.76791916836356,218.98011247537102,209.74933463020622,27.85484102403401,20.862552245954237,219.01699467451465,219.9813276996453,13.995845868538757,Starch Suspected
Starch_Suspected_017,B5,222.30676997894224,213.63112885267861,206.30060187998717,27.16294283352419,28.4768487471307,230.5723152694196,219.09935343971466,14.166216271315486,Starch Suspected
Starch_Suspected_018,B6,220.52142069331333,211.56936003673954,202.19184191090935,27.360657138351876,20.65898627075495,227.16707982598695,218.8185875540773,13.759375161227968,Starch Suspected
Starch_Suspected_019,B1,221.07293290441126,216.4813867526697,206.893652046718,28.951494321957178,26.5920818140742,221.41198710646495,216.97354132780387,10.186171668796277,Starch Suspected
Starch_Suspected_020,B2,216.0667528128986,216.21531429680078,204.1694900759797,27.070804944936814,24.8965754048961,222.16125768897152,211.53197598182186,11.169750681040998,Starch Suspected
Starch_Suspected_021,B3,223.2217916812064,218.16117618818723,200.53897525080072,29.237672075749604,28.067221676081417,224.33121887697268,217.7141426389582,12.064047373351416,Starch Suspected
Starch_Suspected_022,B4,220.11196654699648,218.40345934872897,204.58531191942868,29.944106009153302,25.395621439363456,224.45629185104232,218.2837775988731,14.569377432263373,Starch Suspected
Starch_Suspected_023,B5,224.61246831109992,214.58642010932556,198.57556785938777,31.31523928402183,25.769976192136784,216.85654231351162,215.85854150834388,14.543748584739657,Starch Suspected
Starch_Suspected_024,B6,221.16096950660133,215.4638157420426,208.2026455809389,27.429069280424283,22.6055399267355,222.63415942514482,219.17136479616164,13.992686068681463,Starch Suspected
Starch_Suspected_025,B1,224.73371413370685,217.59573586204456,205.46815181681524,28.611186111027376,25.18809490971014,222.32260254016091,218.6452944074571,14.545079615165522,Starch Suspected
Starch_Suspected_026,B2,223.6654370458345,217.13265100870055,201.57262204517687,29.101506887094065,24.91594664531277,222.5795447394396,224.61957592142122,11.95245444291753,Starch Suspected
Starch_Suspected_027,B3,223.2668670573761,220.2053862017329,204.29400574229814,32.50676767875825,23.86588212480557,222.97226766696014,215.60358276532105,12.296950529713413,Starch Suspected
Starch_Suspected_028,B4,222.74680173118998,219.5389121869232,204.95728450207073,30.888672274002104,24.715104068221986,221.00349441048297,226.11195532183817,13.788475298884062,Starch Suspected
Starch_Suspected_029,B5,219.84155536206435,214.9172087132558,201.17196025640598,30.40485403378518,23.906868121320276,222.38208742696946,217.80947397668518,14.46298481588187,Starch Suspected
Starch_Suspected_030,B6,219.45976772134793,213.77328314157094,204.6728919215448,29.901438927049846,25.997596939292922,219.57163881270802,220.0324545262742,11.512278145808732,Starch Suspected
Starch_Suspected_031,B1,220.43538406564085,214.168139425834,207.9034750459561,29.950132311541022,26.81498012703662,225.74163426342736,226.43794774471615,9.58154779217969,Starch Suspected
Starch_Suspected_032,B2,219.78487025736868,215.15147474747644,201.4475411328519,27.38362512859443,24.101040807833904,218.35018885413177,219.00512710261225,13.103396642857229,Starch Suspected
Starch_Suspected_033,B3,223.44308599429095,218.52318535491474,205.80902056028003,28.439886594764175,31.363430207901004,222.70329334944628,212.41254574212562,10.995248508467565,Starch Suspected
Starch_Suspected_034,B4,216.77849103291655,217.05200388745394,203.63458432784,28.297361453150813,31.03277833720154,223.64694862223072,220.178295084339,11.137853024115794,Starch Suspected
Starch_Suspected_035,B5,219.00256532600696,217.11041649729086,204.51902141895667,26.215532649328313,24.459078931451398,222.04221624862052,217.3545525026866,11.373219175306648,Starch Suspected
Starch_Suspected_036,B6,220.38139445423658,216.4694224192816,204.27240007083014,29.907187373825852,28.242568614852615,221.11695682941826,216.63153141165392,13.875311347068612,Starch Suspected
Starch_Suspected_037,B1,223.83253474923256,215.69739870022335,206.3711804308985,30.46937801173396,28.87505939697602,227.33496272015947,215.4007515840217,13.027796418665023,Starch Suspected
Starch_Suspected_038,B2,222.033833089856,216.70577929440248,202.0522112411696,26.771656995153393,25.27803833808701,219.69493302135626,218.25798044224288,11.411912916602294,Starch Suspected
Starch_Suspected_039,B3,218.701024962467,217.7028950811307,204.45276458041948,29.8689229569814,31.557591299252877,222.83186859363255,219.45524530119238,10.844877342265349,Starch Suspected
Starch_Suspected_040,B4,218.13927767839087,221.74848834032,201.2295606602001,27.434083892797037,24.88270323635034,221.72942275986784,215.29248048067012,12.3900535625738,Starch Suspected
Starch_Suspected_041,B5,225.6881271529503,214.58201917350462,199.81898254690148,30.41389043134969,26.47689073581411,220.138444138054,213.25349895161924,11.510753287122874,Starch Suspected
Starch_Suspected_042,B6,221.8358866894522,220.49701626965145,200.89025407539103,28.87322017773279,27.025433979684692,214.85619797963423,221.1013585038167,10.635098855587126,Starch Suspected
Starch_Suspected_043,B1,222.99598648037082,217.74004944883222,207.25375917439155,29.82638657134031,17.868128524810057,219.645662258532,218.41461538805984,12.610040227760425,Starch Suspected
Starch_Suspected_044,B2,223.4328321892703,219.36809966700912,205.82535520928903,28.6785875861683,19.46098896663856,220.63355625343556,219.24910444441687,10.819105494899045,Starch Suspected
Starch_Suspected_045,B3,223.89382419036474,219.7251798918019,204.38060092888753,24.404330200531405,21.16573491186459,227.65856747566824,216.36038662091485,9.031713553742009,Starch Suspected
Starch_Suspected_046,B4,225.70574216493083,217.04006677463101,207.31482146687318,29.415438012829046,26.375677408636506,223.08902774314356,220.092464935763,17.554860897112196,Starch Suspected
Starch_Suspected_047,B5,224.91301900787755,212.2589820464634,205.3399845458367,30.712221152154825,28.60810241960844,220.7201850508227,221.49483333556438,14.85548479910241,Starch Suspected
Starch_Suspected_048,B6,229.71755231090918,214.74999479125447,202.47779827079873,28.540821427310068,23.529333549883674,219.32993775070918,209.71197348297878,12.130601052553732,Starch Suspected
Starch_Suspected_049,B1,223.1080741790997,215.52033446348227,209.80614355058734,29.020063719073793,28.873087165552406,222.7842612381899,220.47922192967977,13.558483107867124,Starch Suspected
Starch_Suspected_050,B2,226.1063538957107,217.16781805039722,205.48836212426636,29.549499400475064,24.135143625618042,223.21494695677404,224.70315873859306,12.459206115809115,Starch Suspected
Starch_Suspected_051,B3,223.25839467855974,220.77333685260834,207.42075984283284,29.017574626579048,17.849833891127915,223.5501084559454,211.34157722413084,15.939874461882463,Starch Suspected
Starch_Suspected_052,B4,222.50842161357977,219.99902205961595,201.29366658545683,26.67123879004992,25.7822631524235,221.89918968013157,216.5253775215285,13.169322561465528,Starch Suspected
Starch_Suspected_053,B5,230.30230767609677,219.50357664210716,207.14849581758995,30.265905337330032,29.43838643155658,221.42978498129776,211.8357160769741,12.62282773398798,Starch Suspected
Starch_Suspected_054,B6,224.4352071299895,214.09059881465478,203.47090214853202,27.96234538549653,29.506087755529393,224.2483710462197,219.95462186193188,14.243202626241942,Starch Suspected
Starch_Suspected_055,B1,221.8882522423436,217.5926688475825,200.44444625840305,25.72033703187415,25.450243391035073,222.97197076881642,221.62779370527613,16.142671632164735,Starch Suspected
Starch_Suspected_056,B2,226.70999545499683,214.00592922011836,202.9432048951507,29.72050144382207,32.59571403322653,226.44029761114174,221.35819148599515,12.224424088901419,Starch Suspected
Starch_Suspected_057,B3,219.35040110653463,219.3667236501497,200.69801620729692,28.642345473529545,24.655666152994232,226.77873626736843,216.93590809112098,8.121500722854769,Starch Suspected
Starch_Suspected_058,B4,223.5133339429874,214.90293444068823,204.12789307331323,28.869942948736814,24.178888012546697,224.3710217453541,213.40140536494187,11.965971550091279,Starch Suspected
Starch_Suspected_059,B5,224.05211373935214,215.1577456739669,199.1735798721901,30.002833014885105,28.369283891324617,221.865014377071,212.1174632045914,14.411939493397632,Starch Suspected
Starch_Suspected_060,B6,217.02033635574094,217.9263978305445,201.33760852577353,27.26024107134955,23.67426994876093,221.45010733071823,216.06737524884065,14.177406556430302,Starch Suspected
Starch_Suspected_061,B1,220.6617918646235,219.94057261501547,204.84351949693044,27.95366419010554,22.402180348503144,217.0575111028577,218.87219953360048,12.290824905497283,Starch Suspected
Starch_Suspected_062,B2,214.88341341580946,215.3928553816918,201.29689791223515,31.36351638825599,19.89166416432007,217.67594760079783,221.3299089293171,15.713526314927925,Starch Suspected
Starch_Suspected_063,B3,219.76505118382306,215.10374253157326,205.84870618965994,25.509350304582036,19.416418946483333,221.15779979744786,222.64967169838738,12.128539823666522,Starch Suspected
Starch_Suspected_064,B4,222.30281037520547,220.40136781769203,210.32065419983445,28.13472729027753,24.94948982879972,227.46616566402852,213.4334021744257,15.055162141107644,Starch Suspected
Starch_Suspected_065,B5,218.94505340291622,217.30741710130948,203.27214285779917,27.562982598948157,22.050694217025175,222.82924309276126,220.98661798448805,12.740527593622993,Starch Suspected
Starch_Suspected_066,B6,222.21033947619964,218.71352219887314,201.08514368096112,30.109538762619383,27.45802929117924,229.81087889625124,216.87168742832125,12.083836396663745,Starch Suspected
Starch_Suspected_067,B1,224.30689761472124,219.45731250673643,202.39473853986988,28.395255984604926,26.62339251465412,219.517247277796,216.76839803595496,13.179185534736868,Starch Suspected
Starch_Suspected_068,B2,224.98781605446678,215.18620415146137,198.472846613908,26.125103798722684,21.2217607998816,218.0604968454002,217.53616772414028,10.62223969280479,Starch Suspected
Starch_Suspected_069,B3,219.8917351205364,214.67774234505384,202.678476417456,30.983756497284684,26.98584276829155,222.04838824582802,216.6169211582575,12.133534686753958,Starch Suspected
Starch_Suspected_070,B4,222.98323940985586,218.75250722005688,201.2771474816982,29.054721133421346,18.905141294010917,222.6351413525118,220.28644772587606,12.43986274623825,Starch Suspected
Starch_Suspected_071,B5,227.4495809884203,214.35628465769184,204.65232124590977,28.94626288000107,24.699106997669777,221.65703349598576,218.3213150900284,14.6959174869274,Starch Suspected
Starch_Suspected_072,B6,226.13320870882424,216.99324926648754,206.4459482165149,27.947349580599827,27.297866358178698,219.71402542851902,221.2719798082644,17.421281754786477,Starch Suspected
Starch_Suspected_073,B1,221.63374833608583,210.42236952757779,202.35578120026554,30.847812701433956,26.659230361075736,222.74674079602508,221.0260050678645,13.968906878496844,Starch Suspected
Starch_Suspected_074,B2,225.6531755623534,219.75827102994094,208.56510135821088,29.53819412585938,27.715778204481865,221.07861878074263,216.19561756532298,16.413535280837948,Starch Suspected
Starch_Suspected_075,B3,222.64861402896807,219.41464169758714,204.37122004323416,28.120226523620055,25.032948677747203,226.30798205330314,219.66572022283827,9.577053680539082,Starch Suspected
Starch_Suspected_076,B4,221.35426663027152,222.34688137811415,203.35860941445014,26.29928196239873,30.67914665626763,224.0471775294384,217.7899614235616,12.257164527835863,Starch Suspected
Starch_Suspected_077,B5,225.2470557893752,215.37404979932143,207.44476927354796,29.813292928586385,25.73404577646205,222.4365444160068,217.47509588985747,15.09128024041853,Starch Suspected
Starch_Suspected_078,B6,219.4039715036945,212.13422461950938,205.8433203686774,29.946857492100722,26.4407234575353,223.22318510885412,217.03837886498735,14.57496540877105,Starch Suspected
Starch_Suspected_079,B1,221.86332561973637,215.53865931755448,203.0643260632338,32.03095954816375,19.795071753863702,223.4993643128874,212.96266871712885,12.783533323354053,Starch Suspected
Starch_Suspected_080,B2,220.69911754453744,210.74491510996037,205.16711277130128,28.429942906711705,18.70238097231627,224.51870427232276,222.3050185339668,15.980248684593144,Starch Suspected
Starch_Suspected_081,B3,223.0768693219544,217.13817441573136,207.98446986268738,31.523575378010147,28.400706108626874,219.1753871933106,218.60403455964476,13.879032288582858,Starch Suspected
Starch_Suspected_082,B4,216.57114909324832,218.40808197886233,210.81897547793818,29.959904248701186,29.42023924432527,222.54874419038612,217.78034502804854,13.76254278016195,Starch Suspected
Starch_Suspected_083,B5,219.5525200560467,214.10867443829684,207.7989136715081,31.058513514299776,22.026681053237947,224.9039964136616,217.73912007318194,13.679617148980862,Starch Suspected
Starch_Suspected_084,B6,223.3806559183052,219.98305140437296,204.24815460558958,31.115242992952904,25.928238519279773,223.8725528174086,215.50021222538825,17.31731802140967,Starch Suspected
Starch_Suspected_085,B1,223.4094747696149,219.1389922760353,199.17544256636538,27.76594696538135,28.713651063756192,222.8606733548778,212.2586607955132,15.076579857967637,Starch Suspected
Starch_Suspected_086,B2,220.36865158694184,221.23395095763013,203.7364929641889,29.307060029030794,28.536863735774944,219.30752108743602,215.0214595764982,12.607003159203785,Starch Suspected
Starch_Suspected_087,B3,224.48151839886367,213.00736824215952,198.9958962003327,30.235581390565688,23.19106506229899,220.82332196123915,212.4295687941795,11.642041371296036,Starch Suspected
Starch_Suspected_088,B4,221.97729811010655,219.7911335728687,201.68630950129608,31.486064180348745,22.946331927460598,219.95072459524448,222.6120726556934,13.422920304727834,Starch Suspected
Starch_Suspected_089,B5,220.34392581296527,216.5346006064582,208.0592207326262,31.19930422943852,22.54962046218923,221.87269856976266,218.27047048300273,11.027519778966806,Starch Suspected
Starch_Suspected_090,B6,221.83294484205,217.0159685813551,207.4206284368102,30.811137542466803,24.012371804922974,221.35814056841755,219.9928769061669,11.829623102145977,Starch Suspected
Starch_Suspected_091,B1,223.7659204552122,216.73628053789236,201.09180426678415,27.56474493068053,29.341176088093306,221.5307355625701,222.92106228169493,11.97272747857018,Starch Suspected
Starch_Suspected_092,B2,222.87361560339448,224.17803016905472,200.82783976601016,26.153278250150336,28.8597703938617,219.51957268382077,217.9378809076813,11.828163579096831,Starch Suspected
Starch_Suspected_093,B3,222.80448834286594,214.14839137844277,203.46017973635009,29.6747229898348,21.975073341177215,219.89974791106232,216.9578514992044,10.142369131547444,Starch Suspected
Starch_Suspected_094,B4,220.73231705160376,217.3563896197087,202.8013531752347,28.592935260602413,24.940294987280243,220.03276961270305,220.07318769760064,15.871956249603551,Starch Suspected
Starch_Suspected_095,B5,220.60685882341366,218.45559469443313,203.28114853369607,29.548231017557757,29.697338593609764,223.5259786290543,212.67975638357095,13.907991262893917,Starch Suspected
Starch_Suspected_096,B6,225.69859122992702,216.3352114900057,206.9869044183535,27.96482668827208,20.54338252143318,222.42350705649793,212.73056983776107,12.520457974212816,Starch Suspected
Starch_Suspected_097,B1,225.86052678793652,211.27071128276117,200.1615096122583,27.451951632257632,24.81004042086712,220.90284964306136,222.19740914508827,14.908696658183395,Starch Suspected
Starch_Suspected_098,B2,223.4858188382058,217.43689094303164,205.1796893309545,27.707026467029937,27.571631060669837,218.66386723692239,220.5061309817067,15.372285004237662,Starch Suspected
Starch_Suspected_099,B3,222.63259380626425,216.47136082311408,205.200929724929,24.70772244484899,25.906774655456385,221.6599380064806,217.84811566082902,14.413065025795655,Starch Suspected
Starch_Suspected_100,B4,221.77569323530582,213.57937943004652,203.57579198752387,29.101333226121238,25.344801734743037,222.4857581018552,221.11810713475566,10.827930893931704,Starch Suspected
Starch_Suspected_101,B5,222.52710136849456,220.8697890958547,198.79616550918843,29.26947002117008,23.24386449408087,220.8878688465807,215.28557749035673,12.660898568599112,Starch Suspected
Starch_Suspected_102,B6,227.52376684328073,213.20670891646836,200.49116999256353,27.04709814475474,30.182254859884303,220.61298088343614,217.92308281895697,12.194434117787521,Starch Suspected
Starch_Suspected_103,B1,219.16673136479073,216.2945480601567,211.37473081720967,31.088106381461383,22.441186546623182,223.94272230918506,215.50543168200088,9.447264722307558,Starch Suspected
Starch_Suspected_104,B2,225.0585327529939,220.48027853993065,207.1381567531437,28.29520212617064,24.49967279799404,224.24929666097438,219.17448811204432,12.212725057405912,Starch Suspected
Starch_Suspected_105,B3,217.1427845396455,217.34162558242605,207.23702891770833,27.203617566448763,26.91627814502793,222.99462508540108,220.250444789697,14.743950999438015,Starch Suspected
Starch_Suspected_106,B4,219.91660427422394,212.14912179950517,202.39944142295136,30.333690976290512,23.373988289422087,219.91787002842707,212.53594897422607,16.50529510910188,Starch Suspected
Starch_Suspected_107,B5,224.47714092427594,219.3096879438243,206.90317616033843,29.8650625423151,24.26701343446141,221.5087076876334,216.71730690622363,18.26948150883,Starch Suspected
Starch_Suspected_108,B6,223.66773609389833,215.6085986759457,205.39649032249883,27.483696623215522,29.51352015576768,220.0167927125786,219.5032562978674,15.131955259486269,Starch Suspected
Starch_Suspected_109,B1,223.15430563261498,217.2834099754589,204.03240625456806,28.915338354669338,23.269904533217492,220.6515497106909,222.4387711209528,12.782926734629687,Starch Suspected
Starch_Suspected_110,B2,219.64261119185167,215.45110720941548,207.30111204209166,30.013409949746716,26.680987534696772,221.22743640327062,219.72008741051883,11.712877750098704,Starch Suspected
Starch_Suspected_111,B3,221.22115790596268,219.90941346217522,206.62283303675719,27.527135231073796,22.433420641274274,222.32610645844022,223.17839712400854,9.168869671062012,Starch Suspected
Starch_Suspected_112,B4,222.8349988187115,212.87187000528056,202.09700701942336,28.45335737290364,23.738474969689328,220.39861218102237,218.02162118112912,11.929488866738843,Starch Suspected
Starch_Suspected_113,B5,217.61262784543754,219.33960883756833,206.25861650144665,30.264761465034002,20.377796511207755,222.89675445775245,220.02793656742077,10.93759586312083,Starch Suspected
Starch_Suspected_114,B6,222.0275197445464,216.65120006406892,209.5264519757048,31.88674405551886,20.006930820009398,229.48178101718398,215.25432283654004,14.961346588654852,Starch Suspected
Starch_Suspected_115,B1,224.9114939425912,214.01292931947458,205.47980338151729,28.838699383600904,26.662990013897172,222.6920169071419,221.58901845611075,13.150799086292125,Starch Suspected
Starch_Suspected_116,B2,221.49637779172107,220.28819269917153,205.7411878945758,30.09772009148133,23.00623998322421,218.86421165580458,216.2968335702419,11.758357228638822,Starch Suspected
Starch_Suspected_117,B3,224.35859780595874,219.92795215088216,203.5346091314028,31.14637852823653,29.105408181295388,222.7301967492016,215.53432468537088,16.15075329887108,Starch Suspected
Starch_Suspected_118,B4,221.81694794691478,217.37849558929292,202.9811849231803,27.665314510554204,20.594081709054123,223.89860497067187,215.64979683831015,19.119062457993646,Starch Suspected
Starch_Suspected_119,B5,218.74177925216256,213.2278525750559,205.5304161468403,31.293970218450944,25.193768970829666,223.7167272605618,212.46935774762386,11.644976908616467,Starch Suspected
Starch_Suspected_120,B6,218.7791528125873,211.31486245015637,204.35094070207165,25.63575856758435,21.033412101737653,220.38841861795976,215.50614249214678,13.792817004414136,Starch Suspected
